ioc_value,fk_malware,malware_alias,malware_printable,count
" ""047cf08ab81daba675816d85013a3438"""," ""unknown"""," ""None"""," ""Unknown malware""",1
" ""067f471cc6e2dc44e6692912faa70bf9"""," ""py.pxa_stealer"""," ""PXAStealer","PXA""",1
" ""0915e74a43b18bb7bca2cca226f2e118"""," ""unknown"""," ""None"""," ""Unknown malware""",1
" ""093203dd9eb065a03026a16aee7a1562"""," ""py.pxa_stealer"""," ""PXAStealer","PXA""",1
" ""0da7f248ddd837ad8f0e18fb085546a6"""," ""win.vshell"""," ""None"""," ""VShell""",1
" ""1017726535781624fa7ec1e830991fe2"""," ""py.pxa_stealer"""," ""PXAStealer","PXA""",1
" ""10e1d30f3e8002e8b65774b9a6d27da9"""," ""win.valley_rat"""," ""Winos"""," ""ValleyRAT""",1
" ""11675510d8b56c9b11dadbb6e2b08d26"""," ""win.ghost_rat"""," ""Farfli",Gh0st RAT,1
" ""12f273e40ec02a8509c340a4520a8703"""," ""unknown"""," ""None"""," ""Unknown malware""",1
" ""164548d73e249f6e27631923170abec2"""," ""win.asyncrat"""," ""None"""," ""AsyncRAT""",1
" ""1888c61f0f51d91c14b7a8a519591ce6"""," ""win.nanocore"""," ""Nancrat","NanoCore""",1
" ""19dcb9d230e485391ac633476856fcc8"""," ""py.pxa_stealer"""," ""PXAStealer","PXA""",1
" ""1c0f12288170e28d1beb30062c41ee6d"""," ""unknown"""," ""None"""," ""Unknown malware""",1
" ""1c2b6c8d6310af7b2cf8a681b29f7ea4"""," ""unknown"""," ""None"""," ""Unknown malware""",1
" ""1e0ec47bcfb538a7f81dfb8beae9b596"""," ""py.pxa_stealer"""," ""PXAStealer","PXA""",1
" ""21e02ce15334d2dcc5a3d39713d771b1"""," ""py.pxa_stealer"""," ""PXAStealer","PXA""",1
" ""22cd16e30b21fb2bdc0f5e0caa62313a"""," ""py.pxa_stealer"""," ""PXAStealer","PXA""",1
" ""24f57b19d5e39d4ddbc91e4f2bb7273d"""," ""py.pxa_stealer"""," ""PXAStealer","PXA""",1
" ""26eedbcdb7b089744785f392b08acf6f"""," ""py.pxa_stealer"""," ""PXAStealer","PXA""",1
" ""27ac25984b50f6df6afc6997334b9505"""," ""unknown"""," ""None"""," ""Unknown malware""",1
" ""2ed38621c36aa2f806a8bfbd93703e09"""," ""py.pxa_stealer"""," ""PXAStealer","PXA""",1
" ""397428bfc9374c1cc2e5949292de2790"""," ""py.venus_stealer"""," ""None"""," ""Venus Stealer""",1
" ""3e42bf50234aadcec42cc7b9ebf7ab42"""," ""py.pxa_stealer"""," ""PXAStealer","PXA""",1
" ""3f1e522d94f311936337892368acc6e8"""," ""unknown"""," ""None"""," ""Unknown malware""",1
" ""3f2214b27ca355e034add0d9f6692b32"""," ""unknown"""," ""None"""," ""Unknown malware""",1
" ""45c87a5582de778121d8e3159c4c78ef"""," ""win.coinminer"""," ""None"""," ""Coinminer""",1
" ""547f24096e74bfe49d1682b8aecb6fde"""," ""win.coinminer"""," ""None"""," ""Coinminer""",1
" ""58696653f9cf242daecba907e04c6bf6"""," ""win.gcleaner"""," ""None"""," ""GCleaner""",1
" ""59a926eeed450532a2f7c49412434409"""," ""unknown"""," ""None"""," ""Unknown malware""",1
" ""5e693abbc38b2d000227d73a05507890"""," ""win.asyncrat"""," ""None"""," ""AsyncRAT""",1
" ""5e8e6e69871896b6894a37865e7ee52e"""," ""unknown"""," ""None"""," ""Unknown malware""",1
" ""63e51e80d9c5ba0a821135c9acd4204f"""," ""win.vidar"""," ""None"""," ""Vidar""",1
" ""6527c466fe33563ad7f0cacb1c16209f"""," ""win.attor"""," ""None"""," ""Attor""",1
" ""6c47b6133ffe78e1f31bbc77135e5a3d"""," ""win.tinymet"""," ""TiniMet"""," ""TinyMet""",1
" ""6e473ccde151acda24cb2c5db83413c0"""," ""win.vshell"""," ""None"""," ""VShell""",1
" ""71589459b8c1f7444cb6955d051d2e57"""," ""win.coinminer"""," ""None"""," ""Coinminer""",1
" ""72ffa3aabbe171b542c3372f13441e52"""," ""py.stealler"""," ""None"""," ""stealler""",1
" ""73bf9f699e6a5c45c03c012ab7084ac1"""," ""win.darktortilla"""," ""None"""," ""DarkTortilla""",1
" ""84036e61c5d7ad0e4b76b582110901f3"""," ""unknown"""," ""None"""," ""Unknown malware""",1
" ""8414c74e881b10a760c5c3eb797ec3c8"""," ""unknown"""," ""None"""," ""Unknown malware""",1
" ""874c713546c21ca87434f1440843338e"""," ""win.neshta"""," ""None"""," ""neshta""",1
" ""8c3dd656daaafe66e19afd5cb76d8a7d"""," ""win.supper"""," ""SocksShell","ZAPCAT""",1
" ""8dcdcd4a750b248d9eedb87c422edc88"""," ""win.salatstealer"""," ""None"""," ""SalatStealer""",1
" ""94e791c4f0e69665c326c0ec634aa0b6"""," ""win.xred"""," ""None"""," ""XRed""",1
" ""976fdea475236b15a0622e6751c47089"""," ""unknown"""," ""None"""," ""Unknown malware""",1
" ""979296a73a71092bb83ca07439d2e3aa"""," ""unknown"""," ""None"""," ""Unknown malware""",1
" ""9b3f43a7fc536b20c354ba62f7626cd5"""," ""win.ghost_rat"""," ""Farfli",Gh0st RAT,1
" ""9d9df92216b8c2b6f13d324883febfe8"""," ""unknown"""," ""None"""," ""Unknown malware""",1
" ""a7fe433d8982d52cabb09c8b5c9386a9"""," ""unknown"""," ""None"""," ""Unknown malware""",1
" ""ab385592e22a38d32c3c732c08dcc5d3"""," ""unknown"""," ""None"""," ""Unknown malware""",1
" ""b00155089851d5307dc54b9948ed0a43"""," ""win.wannacryptor"""," ""Wana Decrypt0r",WannaCry,1
" ""b048b13c80e231549c537887da0e5aa5"""," ""unknown"""," ""None"""," ""Unknown malware""",1
" ""b5345968ad216e196f4ab8c1d2f458ce"""," ""unknown"""," ""None"""," ""Unknown malware""",1
" ""ba4fb54383a9ed7c84624886ce0d352c"""," ""unknown"""," ""None"""," ""Unknown malware""",1
" ""bfb8c3b715f56c56cd512135d5ff3f1c"""," ""py.pxa_stealer"""," ""PXAStealer","PXA""",1
" ""c24fdcd921be5cca6f0ee11156a6bd7d"""," ""win.luca_stealer"""," ""None"""," ""Luca Stealer""",1
" ""c3a2d9c1ae423ae362e76c200f5f3d52"""," ""win.moriagent"""," ""None"""," ""MoriAgent""",1
" ""c41354155dc082e2cd6db84a69b35c28"""," ""win.cobalt_strike"""," ""Agentemis",BEACON,1
" ""d81e80b7ed52d48575373e7aa7a7ac25"""," ""unknown"""," ""None"""," ""Unknown malware""",1
" ""dbaf29a9c995b983bc0cf6d65f9397fa"""," ""win.ghost_rat"""," ""Farfli",Gh0st RAT,1
" ""df2f93ccc44711e299748af2bca30c8c"""," ""unknown"""," ""None"""," ""Unknown malware""",1
" ""e33b306b06c08f9d3d7223215f25b2cf"""," ""unknown"""," ""None"""," ""Unknown malware""",1
" ""e3988eb28220b4dd05fb984aef5c08e4"""," ""py.venus_stealer"""," ""None"""," ""Venus Stealer""",1
" ""e4a34372eab0832d0682fa986a8e0b97"""," ""win.cobalt_strike"""," ""Agentemis",BEACON,1
" ""ea119b7fecb3af92c5937defdb46c884"""," ""win.vidar"""," ""None"""," ""Vidar""",1
" ""f45ee413107a3fc0ca47f529d9756b35"""," ""win.netwire"""," ""NetWeird",NetWire,1
" ""f512184d11309e3da83fa1967d3faff6"""," ""win.pure_rat"""," ""PureHVNC","ResolverRAT""",1
" ""fc6370a116a027e97d6df2621fa371f2"""," ""unknown"""," ""None"""," ""Unknown malware""",1
" ""ff2a8ebbcf069033cce505353e5d0118"""," ""unknown"""," ""None"""," ""Unknown malware""",1
